<?xml version="1.0" encoding="utf-8"?>
<!DOCTYPE hibernate-configuration SYSTEM 
"http://www.hibernate.org/dtd/hibernate-configuration-3.0.dtd">

<hibernate-configuration>
	<session-factory>
	    <!-- The dialect specifies the type of database used in hibernate so that hibernate generate appropriate type of SQL statements. -->
		<property name="hibernate.dialect">org.hibernate.dialect.MySQLDialect</property>
		<property name="hibernate.connection.driver_class">com.mysql.jdbc.Driver</property>
		<property name="hibernate.connection.url">jdbc:mysql://ec2-34-207-77-135.compute-1.amazonaws.com:3306/SurveyHolm</property>
		<property name="hibernate.connection.username">hholm_remote</property>
		<property name="hibernate.connection.password">csci4830</property>
		<!-- you can create and update the table if it is not in DB. If create, it create new table everytime-->
		<property name="hibernate.hbm2ddl.auto">update</property>
		<!-- True you will see sql in console -->
		<property name="show_sql">false</property>
		<mapping class="datamodel.Survey" />
	</session-factory>
</hibernate-configuration>